Time_4_1,Time_4_2,Time_4_3,Time_7_1,Time_7_2,Time_7_3
0.010174775,0.01009685,0.01008515,0.010036175,0.010036175,0.010036175
